1;throw;research;2010;http://anderson-peterson.com/
2;subject;the;2022;https://scott.com/
3;guy;rise;2011;https://clark-stokes.com/
4;protect;but;1996;https://www.powers.com/
5;court;go;2017;https://richardson.com/
6;his;still;2002;http://www.stanley.com/
7;reason;material;2004;https://clark.com/
8;above;whom;1996;https://carr-williams.net/
9;or;letter;1996;http://edwards-kelly.info/
10;attack;half;2016;https://lewis-phillips.com/
11;yet;receive;2015;http://www.martinez.org/
12;evidence;put;1995;http://www.daniels.net/
13;act;major;2013;http://www.mendoza-lewis.com/
14;early;until;2005;http://walker-brown.com/
15;conference;develop;1996;http://nash.com/
16;some;them;2003;https://www.fisher-richards.com/
17;modern;spend;2001;http://fry-edwards.com/
18;study;yard;2006;http://michael-jordan.com/
19;decide;back;2020;http://www.morales.com/
20;they;situation;2018;http://www.mcdaniel.com/
21;career;raise;2000;https://www.bryant-benitez.com/
22;page;represent;2000;http://www.castro.com/
23;other;audience;2005;http://www.bailey-moody.info/
24;night;drop;2014;http://www.campbell-gordon.com/
25;nor;box;1992;https://www.morgan-miller.biz/
26;economy;growth;2012;https://jennings.net/
27;society;along;1994;https://ortiz.biz/
28;nice;hard;2012;https://www.house.net/
29;magazine;can;1997;http://cooper.info/
30;force;meet;2020;https://www.warren-williams.com/
31;small;security;2003;http://livingston.com/
32;military;who;2017;https://thomas-perez.net/
33;hotel;art;1999;http://martinez-clark.com/
34;let;choose;1995;http://montgomery.org/
35;statement;similar;1999;https://miller.com/
36;nation;strategy;1993;http://www.wheeler-joseph.com/
37;financial;if;1995;https://www.cobb.com/
38;blood;among;2005;https://wells.biz/
39;piece;trip;2001;https://www.sanchez-shields.com/
40;available;great;2011;https://underwood.org/
41;visit;special;1994;http://www.anderson-singleton.biz/
42;chance;research;2004;http://riley.biz/
43;on;total;2001;http://www.yates.com/
44;join;less;2008;http://carroll.org/
45;catch;voice;2003;https://www.martinez.info/
46;around;card;2006;https://www.russo-morris.com/
47;point;help;2017;https://lewis-page.net/
48;according;remember;1990;http://www.miller.com/
49;treatment;so;1996;https://macdonald.com/
50;cultural;western;2012;https://wilson-bruce.org/
51;option;certain;1999;http://jones-davila.com/
52;serious;tree;2002;https://www.richardson-gay.info/
53;PM;believe;2010;https://www.smith-miller.biz/
54;program;off;2000;https://www.robertson.biz/
55;tax;old;2000;https://www.rogers.com/
56;task;wait;2010;https://www.berry-hall.com/
57;way;training;2005;https://esparza.info/
58;watch;smile;2006;https://www.proctor-sims.com/
59;garden;politics;2004;https://hicks.com/
60;arm;road;2008;https://eaton-brown.com/
61;oil;institution;2011;http://hood-arnold.com/
62;cost;material;2018;http://www.compton.net/
63;coach;particularly;2014;https://www.hernandez.com/
64;word;guy;1990;https://www.gonzales.com/
65;election;loss;2020;https://price.com/
66;edge;parent;2011;http://www.mathis-wilson.com/
67;own;wish;1995;http://washington-mcneil.net/
68;usually;available;2019;http://bell-ford.com/
69;may;give;1999;https://medina.com/
70;free;true;1997;http://davies.net/
71;upon;beat;2015;http://anderson.org/
72;wide;inside;2004;http://www.ali.org/
73;theory;with;2008;http://www.thompson.com/
74;class;authority;1994;http://larson.com/
75;ability;sure;2011;http://gonzales.com/
76;market;however;2022;http://hernandez-lopez.org/
77;cost;view;1991;http://sherman-bailey.com/
78;father;throughout;2016;http://www.hall.biz/
79;resource;cut;2003;https://www.cross.com/
80;perhaps;trip;1990;https://pearson.biz/
81;reduce;this;2013;http://www.lane-hutchinson.com/
82;significant;yes;2016;http://www.ray.biz/
83;share;if;2019;https://garcia.com/
84;base;watch;1997;https://turner.com/
85;public;teacher;2001;http://ramos.com/
86;book;too;2009;http://www.perez-barrera.com/
87;skin;military;1993;https://wiley.net/
88;in;stage;1997;https://soto-marquez.com/
89;employee;admit;2019;http://www.love.com/
90;book;herself;2017;http://ellis-dominguez.com/
91;among;economy;1992;http://www.caldwell-schneider.com/
92;rock;attention;2019;https://williams.com/
93;TV;after;2019;http://www.wilson-garcia.biz/
94;star;such;2019;http://watts-clark.com/
95;product;grow;1992;https://lawrence.com/
96;about;tonight;2019;http://www.allen.com/
97;want;drive;2013;https://long.com/
98;reality;politics;2004;https://www.santiago-martin.com/
99;pass;else;2015;https://thompson.org/
100;police;those;2003;http://harvey.com/
101;production;responsibility;1993;http://hendrix.com/
102;back;take;2016;http://www.acosta.biz/
103;wind;history;1991;https://perkins.com/
104;better;drop;2014;http://www.white.com/
105;why;woman;1992;https://hendricks-king.net/
106;talk;chance;2011;http://www.jackson.com/
107;answer;bar;1999;https://davis-morris.com/
108;people;bring;2009;http://peters.com/
109;reach;cost;2020;https://gill-king.biz/
110;at;book;1997;http://johnston.com/
111;focus;morning;2007;https://young.com/
112;particular;plant;2000;http://rhodes.com/
113;other;some;2017;https://hodges.org/
114;lose;book;2007;http://www.flores.info/
115;important;religious;1999;https://houston.com/
116;act;two;2001;http://www.little.net/
117;near;open;2016;https://allen-reyes.com/
118;moment;democratic;2011;http://bennett-allen.com/
119;product;across;1996;http://murray-harvey.biz/
120;second;side;2019;http://www.rasmussen.org/
121;close;because;2000;http://barnett.com/
122;yard;end;2004;https://www.clark-house.org/
123;possible;ball;2009;http://www.lewis-harrington.com/
124;send;view;2010;http://www.robinson-griffin.com/
125;black;choose;2008;https://www.blair.org/
126;none;dinner;2007;https://www.martinez.info/
127;idea;tough;1995;http://phelps.com/
128;around;stock;1994;http://harvey.org/
129;real;open;2003;https://moon-norton.com/
130;occur;out;2007;http://young-ramirez.com/
131;house;compare;2010;http://www.washington-mason.com/
132;picture;wrong;2013;https://www.hawkins-baird.com/
133;hot;important;2000;https://page.biz/
134;finally;down;2017;https://alvarez.com/
135;movement;beautiful;2001;https://mcneil-waters.info/
136;consumer;research;2004;https://www.lopez.biz/
137;unit;right;2004;https://allen-chapman.com/
138;performance;admit;2006;http://www.marsh.com/
139;important;apply;1997;https://cunningham.com/
140;television;eat;1999;https://www.duncan.com/
141;reveal;war;1992;http://mcguire.biz/
142;decide;skill;2014;http://www.edwards.com/
143;white;kitchen;2012;https://garcia.com/
144;leg;work;2017;https://www.goodman.com/
145;special;prepare;2000;https://www.crawford.com/
146;yeah;reflect;2017;http://rogers.com/
147;contain;range;2016;http://www.white-paul.info/
148;management;much;2009;http://www.kennedy.com/
149;eat;name;2001;http://www.davis.com/
150;after;tax;2012;http://www.baker-johnson.com/
151;letter;start;2015;https://ramos-williams.com/
152;something;color;2011;https://www.jordan-giles.com/
153;arrive;add;2011;https://www.mendez.com/
154;great;analysis;2010;https://www.johnson.com/
155;its;teacher;1994;http://torres.com/
156;main;center;2017;http://www.wiggins.org/
157;position;be;2004;https://martin.com/
158;factor;himself;2022;http://www.lewis.com/
159;letter;close;2003;http://mcgrath.com/
160;sell;focus;2001;https://www.marquez-best.com/
161;less;raise;2006;https://www.salazar.biz/
162;southern;individual;2021;https://www.perez.com/
163;eat;south;2019;https://gray.org/
164;stay;dark;2014;https://crawford.biz/
165;production;medical;1994;https://robinson-thompson.com/
166;front;better;2006;http://www.lee.com/
167;how;same;1998;https://castro-howard.org/
168;agent;finally;1992;http://www.davis.org/
169;though;else;1998;http://www.campbell.com/
170;stage;season;2015;https://www.figueroa.com/
171;season;side;2016;http://www.johnston-cruz.net/
172;be;account;2020;http://franklin.biz/
173;would;somebody;2008;https://www.wilson-hays.com/
174;record;establish;1996;https://lewis-higgins.org/
175;science;whose;1998;http://www.garrison.biz/
176;especially;he;1991;http://payne.com/
177;send;thing;2012;http://www.thomas.info/
178;current;kind;2018;http://green.org/
179;reduce;easy;2020;https://www.tran.info/
180;shake;laugh;1999;http://moore.biz/
181;within;happen;2019;http://baird.com/
182;debate;recently;1996;http://wright-stark.com/
183;hair;moment;2015;http://garrett-green.com/
184;now;drop;2016;http://palmer.com/
185;nothing;trade;1995;http://baker.com/
186;free;society;2005;https://tyler.com/
187;true;expert;2001;http://www.johnston.org/
188;his;son;1996;http://www.shaw.info/
189;whose;hour;1997;https://www.hernandez.org/
190;during;future;2008;http://medina.com/
191;certainly;college;2013;http://walker.net/
192;eye;no;2020;https://wood-wilson.com/
193;daughter;during;1991;https://www.herrera.info/
194;deep;you;2017;http://www.conway.com/
195;for;them;2002;https://gamble.com/
196;within;Republican;2002;http://www.brown.org/
197;myself;likely;2022;https://morris.org/
198;game;others;2009;https://kennedy-roy.info/
199;second;action;1994;https://www.elliott-hamilton.info/
200;send;main;2022;https://www.robertson.net/
201;apply;others;1990;http://www.stark.biz/
202;join;my;2015;https://www.mitchell.com/
203;rest;thing;2014;http://www.lynn-miller.com/
204;often;reach;1995;http://stewart-torres.com/
205;image;discover;1999;https://meza-phillips.com/
206;yes;hotel;2012;http://brewer-ramos.com/
207;simply;sell;2019;http://www.wilson.info/
208;card;upon;2013;https://ochoa.com/
209;range;nature;2011;https://www.potts-aguilar.com/
210;major;body;1992;http://davis.biz/
211;better;not;2016;http://garcia.com/
212;you;still;2022;https://www.washington.com/
213;learn;factor;2017;https://www.andersen-roy.net/
214;carry;color;2011;http://www.wells.net/
215;buy;smile;2015;https://jimenez.biz/
216;through;walk;2001;https://bailey-perry.com/
217;institution;decide;2014;https://rivera-allen.com/
218;research;then;2022;https://www.armstrong-black.biz/
219;mean;any;2016;https://www.anderson.net/
220;attack;threat;1994;http://www.gray-pearson.info/
221;wide;full;1995;https://www.allen.info/
222;toward;growth;2021;http://sanders-mooney.com/
223;huge;understand;2009;https://www.watson.biz/
224;song;care;2014;https://www.williams-nunez.info/
225;including;view;2003;http://lee.org/
226;year;always;1999;https://www.hendrix.info/
227;chance;TV;2020;http://www.wall-king.com/
228;she;common;2012;https://gaines-powell.com/
229;gun;speak;2000;http://www.elliott-campbell.com/
230;third;management;2010;http://robinson-goodwin.com/
231;success;marriage;2005;https://scott-rose.net/
232;skin;measure;2010;http://www.barry.com/
233;speech;house;1996;https://www.sheppard-reilly.org/
234;course;alone;2003;https://vance-stewart.biz/
235;song;fly;2016;https://graham-hughes.com/
236;back;time;2013;https://ward.com/
237;fear;blood;1992;http://levy.info/
238;consumer;sit;2020;https://pineda.com/
239;race;I;2008;http://bradley-evans.info/
240;approach;through;1995;http://www.lee-meyer.com/
241;dark;student;2007;https://www.frazier.net/
242;true;top;1996;https://santos.com/
243;maintain;environment;2004;https://www.townsend.com/
244;president;each;1998;https://www.schwartz-glass.com/
245;health;raise;2009;http://www.newman.com/
246;shoulder;young;2007;https://nixon.com/
247;four;where;2011;https://costa-ramsey.info/
248;worker;only;2007;https://www.reynolds.com/
249;able;wife;2015;http://www.montes.net/
250;day;western;2019;http://www.robertson-reynolds.com/
251;agree;mention;2003;http://www.smith.biz/
252;be;safe;2017;http://www.harris.com/
253;argue;up;1995;http://scott-nichols.org/
254;miss;set;2018;http://harper.info/
255;standard;area;2002;https://stanley.com/
256;gas;opportunity;2007;https://www.smith-blair.com/
257;forward;require;2002;https://www.rowe.net/
258;ready;throughout;1992;https://www.james.org/
259;worker;special;2012;http://www.gomez.com/
260;discuss;for;1999;https://www.baker-mcbride.biz/
261;father;outside;1998;https://www.harris.com/
262;Democrat;leg;2022;http://www.powell-turner.com/
263;candidate;response;2002;http://thompson-rodriguez.com/
264;once;song;2002;https://wagner.com/
265;short;pay;2016;https://www.harrington.com/
266;writer;whether;1997;http://www.patterson-jones.com/
267;experience;hope;2021;https://sullivan.org/
268;fight;will;1993;https://www.escobar-goodwin.com/
269;office;month;2008;https://www.roberts-mathis.com/
270;something;born;2014;http://www.castillo.com/
271;become;face;1999;http://www.rose-rose.biz/
272;you;even;2001;http://www.harvey.net/
273;near;buy;2004;http://www.tyler.com/
274;parent;I;2002;http://www.robertson-cook.com/
275;bar;mother;2004;http://diaz.com/
276;great;can;2001;https://www.munoz-cunningham.info/
277;officer;lawyer;2022;https://thomas.com/
278;late;test;2006;http://sanchez.com/
279;early;officer;2004;https://www.murray.org/
280;central;big;2015;http://www.robinson.net/
281;fund;moment;1998;http://www.phillips.info/
282;far;base;1993;https://www.williams.com/
283;use;action;2011;http://www.lee.com/
284;PM;growth;1990;https://www.neal-garcia.org/
285;than;most;2004;https://www.sullivan-powell.com/
286;color;indeed;2012;https://www.frost.com/
287;serious;method;2017;https://www.holmes-newman.org/
288;particularly;more;1993;https://www.robinson.com/
289;move;rather;2022;http://allen.com/
290;former;whole;1995;https://briggs.org/
291;not;number;2002;http://www.solis.net/
292;attack;expert;1993;https://haynes-sanchez.com/
293;key;walk;1990;https://www.reed.com/
294;choose;my;1990;https://lee-aguirre.com/
295;issue;turn;1996;https://www.houston.com/
296;southern;law;1995;https://hudson.org/
297;partner;wall;1991;http://www.terry.com/
298;local;when;2007;http://www.thomas.com/
299;agree;change;2000;http://www.hodges.net/
300;campaign;clear;2009;https://kirk.biz/
301;particularly;successful;2017;https://allen-green.com/
302;beyond;possible;2008;https://goodman.net/
303;American;difference;2018;http://nelson.com/
304;husband;boy;2015;http://hernandez.com/
305;thank;sell;2008;https://www.mosley-sanchez.com/
306;artist;foreign;2008;https://ingram.org/
307;certainly;hold;1994;https://johnson.net/
308;strong;individual;2004;http://nelson.com/
309;rate;rock;1999;http://cook.info/
310;participant;throughout;2006;http://www.hopkins-rodriguez.com/
311;alone;find;2000;http://www.miller-johnson.biz/
312;center;country;2014;http://www.sullivan.com/
313;power;religious;2015;https://clark.biz/
314;floor;fight;2003;https://www.chen.com/
315;listen;next;1996;https://martin.com/
316;hear;section;2019;https://thompson-schmidt.info/
317;she;voice;1999;https://lopez-carter.com/
318;attorney;see;2012;http://www.randolph.com/
319;red;affect;2010;http://bush.org/
320;night;wear;1996;http://www.french.com/
321;campaign;will;2005;http://www.koch.net/
322;local;police;2018;http://smith.com/
323;information;cold;2003;http://fields.net/
324;million;democratic;1994;http://wilson.com/
325;keep;sister;2018;http://knight.org/
326;country;purpose;2018;https://www.sandoval.com/
327;act;add;2002;http://www.armstrong-hill.com/
328;hit;direction;2013;https://morrison.com/
329;piece;level;2009;https://www.taylor.com/
330;cover;position;2018;https://brooks.com/
331;central;sport;1991;https://tucker.com/
332;top;travel;2012;https://www.black.org/
333;order;suddenly;2012;https://www.wiggins.biz/
334;design;degree;2015;https://www.morales.biz/
335;nearly;model;2002;http://www.parker.com/
336;across;accept;1996;https://simon.com/
337;it;trouble;2022;https://www.jackson.com/
338;avoid;daughter;2004;https://meyers-marks.com/
339;appear;box;2020;http://cox-calhoun.biz/
340;apply;for;2014;http://www.evans.com/
341;sister;leader;2013;https://clark.com/
342;director;issue;1997;http://www.hawkins-espinoza.net/
343;couple;focus;2012;http://www.tate-jones.info/
344;stuff;than;1998;http://www.black.com/
345;case;require;2016;http://www.gregory.biz/
346;first;strategy;2019;http://www.jones.biz/
347;it;kind;2021;https://young.com/
348;week;water;2004;https://jacobson-cobb.biz/
349;before;enjoy;1994;https://tran.com/
350;impact;cultural;2003;http://www.young-wright.com/
351;air;win;2022;https://www.douglas.com/
352;number;Democrat;1998;http://www.andersen.org/
353;ago;evidence;1996;https://serrano-carrillo.org/
354;return;child;2019;http://gibson.com/
355;choose;clearly;2008;https://swanson.com/
356;computer;color;2004;https://leach-martinez.com/
357;read;way;2000;http://www.hogan.org/
358;none;card;1994;http://buck.com/
359;international;together;2007;http://webb-foster.com/
360;week;close;2000;https://www.ramirez.com/
361;will;poor;2020;http://www.harrison-campbell.com/
362;else;add;2011;http://www.long.com/
363;difference;some;2012;http://allen.com/
364;man;during;1994;http://www.neal-jones.com/
365;image;Congress;1992;http://www.cruz.com/
366;show;suggest;2013;http://www.patel-powell.org/
367;market;guy;1990;https://hurst.com/
368;trip;painting;1990;https://rodriguez.org/
369;maybe;anything;1993;http://armstrong-thomas.com/
370;environmental;age;2013;https://barrera.com/
371;decade;others;2013;http://blanchard.com/
372;provide;Republican;2018;http://powell.com/
373;force;recent;2014;https://www.butler.net/
374;different;hour;1990;http://howard.com/
375;focus;think;2006;http://www.gould-wilson.biz/
376;part;apply;2009;http://young-howard.info/
377;green;institution;2006;https://www.medina.com/
378;indeed;how;2013;http://stewart.net/
379;shake;program;2018;https://www.murphy.com/
380;seat;church;2010;https://nelson-johnson.biz/
381;save;require;1990;https://www.thomas-bentley.biz/
382;discover;toward;2010;http://richardson.info/
383;woman;current;1999;https://cabrera-bell.org/
384;doctor;cover;2014;http://www.gillespie-lopez.com/
385;could;sea;2015;https://www.williams.com/
386;open;decision;2011;http://www.tran.com/
387;age;to;1992;https://haas-vang.com/
388;crime;present;1996;https://www.hernandez.com/
389;leg;in;1990;https://www.moore.com/
390;goal;eye;2011;https://www.roberts-neal.com/
391;factor;close;1997;https://www.frank-rose.com/
392;two;happy;2021;https://www.cox.com/
393;current;without;2001;http://delgado.com/
394;nation;money;1998;http://lucas.info/
395;sell;up;1994;http://cox.com/
396;fish;former;2022;http://www.scott.org/
397;keep;little;2000;http://davis.com/
398;chance;time;2011;http://sosa.com/
399;play;sport;2016;https://rose.info/
400;international;vote;2016;http://sanchez-barber.com/
401;news;put;2008;https://www.carney-contreras.com/
402;article;drop;1996;https://www.pham.com/
403;risk;view;2001;https://www.jones-ford.biz/
404;house;nor;1991;http://ramirez.com/
405;already;focus;1999;https://kelly.com/
406;box;property;1999;https://www.lam.com/
407;factor;drop;2011;http://rodriguez.com/
408;class;subject;1992;http://www.smith.com/
409;common;adult;1994;http://www.olson.com/
410;picture;seven;2018;https://www.santiago.com/
411;hair;economy;1990;http://www.cardenas-edwards.com/
412;on;director;1991;https://www.young.com/
413;politics;international;1999;https://www.patterson-lester.com/
414;glass;respond;2015;https://www.howard-rogers.org/
415;finally;bed;2017;https://www.novak-byrd.org/
416;run;business;2012;http://www.walsh.com/
417;history;song;1991;http://www.harris-barajas.info/
418;participant;back;1995;https://frazier.com/
419;toward;try;2006;http://martinez.com/
420;wide;improve;2008;https://www.ramos.biz/
421;writer;try;2015;https://mitchell.com/
422;voice;you;2014;http://buchanan-perry.com/
423;your;because;2013;https://www.obrien.info/
424;to;thing;2002;http://king.biz/
425;remember;type;1993;https://www.collins.biz/
426;party;manager;2006;http://flores.biz/
427;guy;part;1997;https://www.jones.net/
428;phone;argue;2003;http://smith.com/
429;none;hit;2019;https://jordan-chavez.com/
430;TV;produce;2001;http://www.horton.biz/
431;within;where;1992;https://phillips.com/
432;occur;catch;2016;http://www.bush-brooks.net/
433;phone;out;2002;http://www.mendoza.org/
434;state;end;1997;http://www.fitzgerald.com/
435;toward;tend;2012;http://dean.biz/
436;bit;watch;2013;http://www.horton.net/
437;order;seven;1999;http://west.com/
438;test;wide;1998;http://johnson.biz/
439;rise;since;1990;http://mcclure.net/
440;prepare;world;1999;https://arellano.com/
441;throw;suffer;1993;http://www.patel.net/
442;agency;manager;2018;https://evans.com/
443;participant;occur;2003;http://www.robinson.biz/
444;serve;simply;1999;http://chavez-boyd.com/
445;buy;understand;2006;https://farmer.info/
446;soldier;human;2012;https://hatfield.com/
447;traditional;medical;1994;https://barron.biz/
448;time;major;1997;http://www.spencer.com/
449;why;ready;2006;http://acosta.com/
450;value;effort;1998;http://smith.com/
451;court;reduce;2007;https://www.lowe-larsen.com/
452;stop;specific;1992;https://www.sanders-lawrence.info/
453;trouble;various;1998;http://nichols.org/
454;respond;third;2019;https://www.harris.org/
455;return;foot;1992;http://www.little.info/
456;so;also;1997;https://www.tapia.net/
457;understand;take;1998;http://www.kim.biz/
458;size;treatment;2014;http://hart.com/
459;determine;build;2017;https://wells-smith.net/
460;enough;mouth;2005;http://www.anderson-thompson.info/
461;gun;there;2017;http://www.barry.com/
462;heart;evidence;2019;https://www.smith.com/
463;work;bad;1997;http://hernandez-chapman.biz/
464;hair;style;2019;https://clayton-chambers.com/
465;without;air;2008;http://clarke-burch.com/
466;drug;seven;2002;https://www.bowman.org/
467;think;each;2018;https://watson.com/
468;center;might;2017;https://www.ferguson-morgan.com/
469;attention;country;2020;http://www.fritz-jacobs.biz/
470;couple;single;2016;http://davidson.com/
471;stop;beautiful;2001;https://www.woods.info/
472;senior;full;2020;http://dominguez.net/
473;spring;result;1993;https://warner.com/
474;order;effect;2014;https://www.mueller.info/
475;leg;director;2020;https://www.mitchell.net/
476;occur;feeling;2020;http://brown-clark.com/
477;school;prepare;2012;http://sanchez.com/
478;do;consumer;1990;https://harrison.org/
479;street;history;2003;https://www.moore.com/
480;usually;involve;2005;https://flynn-jacobs.com/
481;agree;billion;2014;http://brown.com/
482;stand;where;1994;http://frost.biz/
483;among;during;2003;http://www.thompson-garcia.com/
484;cut;sign;2021;https://hughes-patterson.com/
485;off;enter;2007;https://scott-kane.com/
486;kitchen;figure;1992;http://www.davis.com/
487;hold;until;2007;http://www.ford.biz/
488;maybe;recognize;2014;https://davis.com/
489;push;person;2010;http://www.christian-lewis.com/
490;help;state;2022;http://www.reed.com/
491;reduce;wind;2005;https://coleman.com/
492;training;two;1991;http://www.hansen.com/
493;fall;Mrs;2017;https://www.anderson-campbell.info/
494;second;question;2017;https://kim.biz/
495;firm;billion;1997;https://zhang.com/
496;organization;surface;1996;https://www.trevino-bennett.net/
497;it;issue;1992;http://johnson-jensen.com/
498;table;help;2003;http://www.gross.com/
499;avoid;wish;2000;https://price-harper.com/
500;concern;ever;2021;https://www.clay-carter.com/
501;much;article;2019;http://hayden.com/
502;dark;add;1998;https://black-hebert.info/
503;step;religious;1991;http://patel-parsons.biz/
504;herself;ability;2011;http://hernandez.biz/
505;although;into;1993;http://www.richard.biz/
506;return;tree;2001;http://www.travis.com/
507;lay;argue;2018;http://webb.biz/
508;property;spend;2004;http://brown-davis.info/
509;pull;officer;1999;http://www.scott-barnes.com/
510;chair;instead;2000;https://www.carter.biz/
511;art;former;1995;http://www.wood-newman.com/
512;environment;reason;2014;http://vang.com/
513;stuff;we;2008;https://mercado.com/
514;woman;each;1992;https://www.dorsey-gallegos.org/
515;list;win;2011;http://ryan.com/
516;middle;and;2013;https://norton.com/
517;might;available;2017;http://gonzales.com/
518;water;security;2001;https://miller.com/
519;institution;reach;1991;https://gomez-brown.biz/
520;sound;choose;2012;http://www.price.com/
521;try;window;2016;http://www.padilla-odonnell.biz/
522;who;put;2008;http://www.sanchez-villarreal.com/
523;wall;standard;2017;http://baker.info/
524;maintain;senior;2009;http://beard.com/
525;state;none;2016;http://long.net/
526;happen;series;2017;https://hancock-brown.com/
527;newspaper;teach;1990;http://young.info/
528;sport;issue;2010;https://www.miller-smith.com/
529;fish;week;2012;http://henderson-reynolds.info/
530;push;TV;2003;http://www.stewart.org/
531;break;guess;1994;http://cunningham.org/
532;her;mind;1990;https://www.flynn.info/
533;goal;people;2021;https://davis.org/
534;when;can;2004;http://lopez.com/
535;life;three;2002;http://smith.biz/
536;conference;where;1998;http://benitez.com/
537;traditional;clearly;2001;http://www.barrett.com/
538;month;share;2009;http://www.brown.com/
539;mouth;why;1993;http://www.livingston-stevens.org/
540;beat;clear;2002;http://www.thompson.org/
541;include;can;2020;http://levy.com/
542;bit;successful;1993;http://long.com/
543;meeting;life;2015;https://lewis-wise.info/
544;outside;voice;1994;http://www.smith-fleming.org/
545;nice;contain;2004;https://www.mendez.info/
546;cultural;voice;2011;https://jones-brown.com/
547;scientist;baby;2016;http://www.vasquez.com/
548;behind;benefit;2022;http://www.cherry-thompson.com/
549;enough;she;2019;http://www.rosario.org/
550;fly;agree;2006;http://porter.org/
551;matter;notice;1993;http://stanley-fitzgerald.com/
552;may;can;2007;http://www.clark.org/
553;scientist;hotel;2017;https://brown-cooper.com/
554;section;movie;1998;http://bryant.com/
555;deep;play;1997;http://ross-moreno.com/
556;life;whom;2022;https://hood.com/
557;around;reach;2008;http://holmes.org/
558;yes;agency;1998;https://www.lozano.net/
559;recognize;never;2018;https://www.ryan.com/
560;eight;society;2010;https://www.ortiz.com/
561;remember;during;2015;https://chen-graves.org/
562;significant;sell;2006;https://www.brown.org/
563;consider;local;1990;https://lewis.com/
564;control;store;2012;https://brown-moore.com/
565;former;analysis;2005;https://summers.info/
566;probably;lead;2009;https://harris.com/
567;series;character;2019;https://mcgee.com/
568;one;generation;2009;http://www.park-guzman.info/
569;record;trip;2021;http://taylor.com/
570;defense;recent;2005;http://www.clements-perez.com/
571;all;culture;1997;https://www.rogers.com/
572;everyone;especially;1998;http://www.taylor-chung.com/
573;executive;ready;2003;http://www.swanson.biz/
574;health;wind;2006;https://www.kim-chambers.net/
575;responsibility;give;2003;https://www.harris.biz/
576;act;old;2001;http://cook.com/
577;financial;image;1997;https://gonzalez.com/
578;write;level;2004;https://www.allison-johns.com/
579;southern;knowledge;2008;http://brown.com/
580;create;fact;2001;http://campbell.net/
581;growth;long;1992;https://hawkins-smith.com/
582;suddenly;science;2016;https://kramer.com/
583;exactly;majority;2014;https://rodriguez.biz/
584;prevent;clearly;2007;http://russell.info/
585;Republican;painting;2020;http://williams-avila.net/
586;professional;entire;2014;https://edwards-archer.com/
587;by;hospital;1991;http://torres.info/
588;heart;voice;2007;http://www.jordan.com/
589;land;job;1992;https://cooper.net/
590;game;hot;2009;https://www.chaney-brooks.com/
591;chair;whose;2014;https://www.clarke.com/
592;physical;so;2014;http://www.fitzpatrick.info/
593;east;economic;1993;https://www.rogers-davidson.net/
594;note;common;2001;https://nichols-scott.biz/
595;news;by;2002;http://www.burnett.com/
596;strong;decade;2018;https://williams.com/
597;high;capital;2016;https://hodges-stout.info/
598;live;note;2009;https://www.gutierrez-crawford.com/
599;soon;news;2014;http://austin-oneal.net/
600;light;idea;2022;http://www.adams.com/
601;require;might;2009;http://www.evans.com/
602;fact;job;2014;http://www.martin.net/
603;herself;tell;2018;https://heath.com/
604;food;toward;1990;http://www.martinez.com/
605;general;dark;2007;https://mendez.com/
606;include;south;2018;http://www.mccullough.com/
607;west;my;1992;http://cook.com/
608;or;least;2010;https://www.walker.com/
609;establish;about;2019;https://www.watson.biz/
610;trade;study;2019;https://www.heath-brandt.info/
611;laugh;marriage;2015;http://www.rubio.com/
612;ten;top;2008;https://www.stanley.net/
613;north;seat;2019;https://www.romero.com/
614;decide;establish;1995;https://www.lopez.net/
615;pattern;officer;2019;http://wall.com/
616;tough;more;2008;http://blackwell.com/
617;growth;close;1992;https://clark.org/
618;move;lay;1993;http://www.warren-long.com/
619;major;result;2007;https://www.wilkinson.net/
620;color;majority;2020;https://rios.com/
621;customer;husband;1999;http://www.lucas-huffman.net/
622;structure;goal;1997;http://www.delacruz.info/
623;feeling;world;2011;https://ortiz.com/
624;pay;hour;2002;http://hickman-davis.info/
625;shake;such;2017;http://www.walter.info/
626;coach;development;1994;http://roberts.com/
627;democratic;window;2021;http://www.daniel-matthews.com/
628;decision;sit;2008;http://williams-brock.biz/
629;perhaps;by;2017;http://www.price.com/
630;current;travel;2009;http://ross.com/
631;arm;involve;2008;http://steele.com/
632;night;along;2013;http://lewis-mcdonald.com/
633;glass;dinner;2021;https://hughes.biz/
634;person;scene;2011;http://www.webb.info/
635;change;help;2005;http://jones-woods.info/
636;occur;too;2015;http://www.cochran.com/
637;walk;any;1999;http://brown.com/
638;at;book;2014;http://www.stewart-costa.biz/
639;I;ability;2022;http://gonzalez-martinez.org/
640;design;range;1993;https://www.harvey.org/
641;conference;house;2007;https://sawyer.com/
642;garden;role;2021;http://moran-webster.org/
643;expect;yes;1996;https://www.page.com/
644;such;knowledge;1994;http://www.hammond.com/
645;concern;both;1997;http://herrera-luna.info/
646;early;if;1995;https://grimes.net/
647;sing;center;2004;https://www.murray.com/
648;size;generation;1994;https://yang.org/
649;idea;quality;2008;https://jackson.org/
650;according;off;1995;http://www.mayer-watts.com/
651;guess;four;2010;https://www.cannon.biz/
652;investment;she;1995;http://www.taylor.com/
653;answer;story;1997;https://www.howe-roach.com/
654;couple;leader;2015;https://www.glass.biz/
655;rule;nature;2003;http://www.murphy-harris.org/
656;subject;still;2018;https://clark-chavez.com/
657;inside;usually;2007;https://pittman.biz/
658;pick;understand;2008;https://davis.com/
659;become;center;2009;https://www.sullivan.org/
660;meet;development;2007;https://williams.com/
661;affect;analysis;1993;https://gomez-may.com/
662;front;special;2007;https://evans-lyons.com/
663;long;site;2022;http://owens.org/
664;attack;special;2013;https://www.garza-townsend.com/
665;herself;cultural;2012;https://www.hicks-moore.com/
666;themselves;develop;2015;https://tucker.com/
667;professional;specific;2022;http://murray.com/
668;wrong;especially;2001;http://santiago.info/
669;impact;long;2017;https://www.williamson.info/
670;again;stage;2019;https://harper.com/
671;agency;figure;1991;https://www.mora.biz/
672;thought;realize;2006;http://drake.org/
673;give;ready;1998;http://hernandez.net/
674;for;factor;2012;https://www.burns.biz/
675;court;blood;1998;https://tate-hernandez.info/
676;challenge;better;2004;https://myers-walker.com/
677;tell;turn;2007;http://www.tanner.info/
678;one;to;1992;https://stark.net/
679;data;create;2001;http://brown.info/
680;energy;guy;2012;http://cline.com/
681;after;sense;2022;http://scott.com/
682;mean;economic;2010;http://mccarthy-brown.org/
683;condition;drive;2021;http://lewis.com/
684;kind;success;2019;https://wagner.com/
685;indicate;though;2008;https://www.jenkins-munoz.com/
686;be;human;2013;http://velasquez.biz/
687;finally;day;1998;https://smith-pena.com/
688;stuff;model;1994;http://lloyd.com/
689;study;that;2020;http://franklin.com/
690;sort;treat;1999;https://www.cowan.net/
691;article;along;2019;https://martin.biz/
692;city;country;2004;http://wallace.com/
693;spring;situation;2007;http://henry.com/
694;soon;trial;2017;https://www.diaz.com/
695;mother;rule;1992;http://morris.com/
696;general;recognize;2018;http://anderson-wallace.com/
697;market;consider;2022;https://www.hamilton.info/
698;whom;ago;2015;https://garcia-jackson.net/
699;camera;teacher;2010;https://morris.biz/
700;help;while;2013;https://www.fuentes.info/
701;analysis;our;2019;http://hall-hernandez.org/
702;better;speech;1995;https://lee-jones.com/
703;building;which;2021;https://www.white.com/
704;prevent;which;2020;http://www.spence.org/
705;itself;wide;2013;https://www.warren.com/
706;pick;order;1999;http://ramsey.com/
707;process;sure;1993;http://www.bennett-terry.com/
708;unit;movement;1996;http://www.nelson.info/
709;sometimes;she;1996;http://glass.org/
710;person;hold;1991;https://jordan-roth.com/
711;catch;Democrat;1999;https://www.dawson-wilson.net/
712;always;though;2015;http://lee.com/
713;place;probably;1997;http://www.avila.com/
714;fire;general;2015;http://www.rodriguez-hale.com/
715;writer;skill;2013;https://rice.net/
716;middle;prove;2007;http://bailey.com/
717;large;increase;2015;http://cox.com/
718;responsibility;language;2001;http://www.carrillo.com/
719;somebody;really;2001;https://jennings.com/
720;main;make;2015;https://www.ward.info/
721;the;floor;2022;http://curtis.org/
722;we;including;2022;https://cruz.com/
723;ok;half;2009;http://www.underwood.com/
724;success;might;2005;https://hall-armstrong.com/
725;job;recent;2003;http://barnes.com/
726;than;relate;2005;https://www.clark.com/
727;agreement;order;1991;https://www.white.com/
728;administration;drug;1998;http://maxwell.info/
729;side;expect;1994;http://www.greer.com/
730;back;well;1991;https://bowman.com/
731;call;price;2016;http://www.swanson.net/
732;before;activity;2019;https://www.rodriguez-scott.org/
733;how;lawyer;2005;https://page.com/
734;feeling;officer;2017;http://bradley.com/
735;during;threat;2006;https://www.villa.com/
736;choose;whatever;2006;https://gibson.net/
737;official;baby;2013;http://www.thomas.biz/
738;include;least;1991;http://velazquez-martin.info/
739;according;beat;2006;http://www.vincent-lucas.biz/
740;PM;able;2018;https://moses.net/
741;eye;soldier;2017;https://beltran.com/
742;great;teach;2008;https://white.com/
743;talk;both;2021;https://www.bradley-martin.com/
744;step;finally;2007;https://www.patterson-bell.net/
745;according;everybody;2018;http://anderson.com/
746;good;attorney;2005;http://jones.com/
747;kid;west;1990;https://white-wells.com/
748;attack;my;1992;http://roman-franklin.com/
749;include;short;2004;http://www.figueroa-kirby.com/
750;inside;successful;2009;https://www.arnold-wood.biz/
751;record;their;1997;https://www.ferguson-turner.com/
752;brother;industry;2013;http://johnson-mcconnell.com/
753;well;seem;2015;https://weiss.org/
754;deal;continue;2014;https://www.ramirez.com/
755;model;million;1996;http://www.mason-pope.com/
756;find;court;1994;http://www.diaz-walls.net/
757;citizen;fire;1996;http://www.kaiser.com/
758;necessary;admit;2007;https://www.schwartz.com/
759;building;happy;2009;https://white.com/
760;note;certainly;2018;http://www.boyer.com/
761;necessary;whom;1990;https://www.campbell.biz/
762;morning;partner;2008;http://www.jones.net/
763;national;resource;2007;http://www.cole-hansen.com/
764;maintain;down;2004;https://donovan-carter.com/
765;describe;wide;2009;https://bailey-barker.org/
766;size;stop;2010;http://arnold.biz/
767;whether;cost;1997;https://ferguson-stewart.org/
768;time;author;2021;https://waters-harrison.net/
769;pay;many;2000;http://may-wilkinson.com/
770;physical;consumer;2014;http://king.com/
771;day;evidence;2010;https://www.conway.com/
772;any;four;1997;http://www.lopez-phillips.net/
773;which;job;1992;http://www.robinson-lucas.com/
774;already;second;1998;https://www.thomas.com/
775;require;edge;1998;http://miles.com/
776;approach;wrong;2003;http://www.bond.com/
777;future;bed;2017;http://williams-baker.com/
778;consumer;strategy;2012;http://mullins.com/
779;memory;sense;2011;http://richardson-bowen.com/
780;word;friend;1996;http://jones-cruz.net/
781;contain;religious;2004;http://vargas-white.com/
782;pull;cut;1995;http://www.colon-gonzalez.com/
783;claim;accept;2022;https://www.mullins-edwards.com/
784;late;tonight;2016;http://fernandez.com/
785;season;continue;1996;https://stout.net/
786;discuss;inside;2001;https://www.parker.com/
787;might;teacher;2014;http://allen-wilkerson.com/
788;man;begin;2003;https://www.barnes.info/
789;night;plan;2000;https://www.hill.com/
790;window;one;1997;https://espinoza.com/
791;still;store;2015;http://newman.net/
792;each;look;2008;http://cantu-wagner.com/
793;medical;young;1999;http://www.peterson.com/
794;practice;itself;1998;http://www.hawkins-mcguire.biz/
795;put;exactly;2001;https://www.evans.info/
796;fall;clearly;1999;http://www.murphy-powell.biz/
797;how;mention;2010;http://coffey-gates.com/
798;describe;get;2019;http://gonzalez.com/
799;give;admit;2018;http://www.martinez.com/
800;front;news;2021;http://www.livingston.org/
801;there;mission;1992;http://www.shields.com/
802;beyond;group;1997;https://hunt.info/
803;reality;which;1992;https://www.pineda.biz/
804;voice;indicate;2022;https://www.ward-nelson.biz/
805;here;design;2000;http://www.miller.com/
806;it;second;2010;http://coleman.net/
807;husband;study;2010;https://www.bailey.org/
808;entire;including;1991;https://www.mendoza-martin.com/
809;set;play;2018;http://wells-miller.com/
810;get;reality;1999;https://www.charles.com/
811;yourself;oil;2002;http://www.meyer.com/
812;call;suggest;2014;http://hawkins.com/
813;cut;carry;2010;http://www.myers.com/
814;treatment;worry;2003;http://scott-garcia.info/
815;within;system;2007;https://gardner-king.net/
816;allow;subject;2007;http://lopez.net/
817;wind;place;2015;http://www.duran.biz/
818;per;why;1993;https://jones.biz/
819;mother;two;2010;https://www.johnson.com/
820;media;ago;2014;http://www.franklin.com/
821;cup;black;2021;http://bradshaw.info/
822;simple;policy;1998;https://www.mason-dyer.net/
823;lot;throughout;2019;https://www.robertson-hatfield.com/
824;store;their;2015;http://reed.org/
825;cultural;message;1995;http://www.white.biz/
826;dream;major;2006;http://www.morgan-lane.biz/
827;hit;bring;2015;http://www.perkins.com/
828;federal;threat;2002;https://www.parks.info/
829;break;high;1992;https://www.johnson.com/
830;reveal;series;1992;http://coleman.com/
831;image;last;1992;https://www.santos-hernandez.net/
832;item;since;1998;http://kennedy.com/
833;cell;daughter;1996;http://mccoy-carter.net/
834;various;movie;1993;https://hill.org/
835;rock;or;2000;https://www.pierce.info/
836;suggest;recent;2011;https://murray.biz/
837;into;always;1993;http://medina.net/
838;official;the;1990;http://taylor-hall.com/
839;couple;name;2007;https://houston.com/
840;heart;race;1999;http://www.haynes-patterson.com/
841;point;resource;2008;https://kelly-beck.biz/
842;drop;sing;1999;https://robbins.biz/
843;west;sort;1997;http://smith.biz/
844;career;serve;2015;https://coleman-smith.com/
845;modern;ok;1996;http://parker.com/
846;young;happy;2018;https://schaefer.biz/
847;impact;skill;1996;http://banks-ross.org/
848;who;community;1999;https://www.nguyen.com/
849;beautiful;open;2014;http://www.mcneil-holland.com/
850;idea;develop;1995;https://www.cook-page.com/
851;must;probably;1999;https://hawkins-woods.org/
852;film;catch;1999;http://walker.com/
853;town;team;2019;https://www.deleon.com/
854;expert;issue;2002;http://shea-morse.com/
855;race;heavy;2014;http://keller.com/
856;west;nature;2011;http://www.schwartz.com/
857;item;girl;2015;https://www.wood-mathews.com/
858;yes;may;1994;http://deleon.biz/
859;ball;number;2022;http://smith.biz/
860;their;single;2005;https://nelson.com/
861;stay;successful;2022;http://salazar.biz/
862;health;after;2013;https://www.finley-long.net/
863;huge;central;2000;http://www.flores-lee.info/
864;back;collection;2017;https://king.net/
865;candidate;purpose;2015;http://tucker.com/
866;manager;staff;1999;http://rogers-garcia.net/
867;lead;second;1990;http://adams.com/
868;buy;hotel;2018;http://roberts.info/
869;board;third;2004;https://www.ellis-grant.com/
870;that;win;2020;http://ray.biz/
871;minute;area;2003;https://www.decker-johnson.net/
872;rate;talk;1991;http://www.clements.com/
873;head;without;2021;http://www.potter.info/
874;standard;feeling;2002;http://www.martin.com/
875;any;writer;1993;http://www.barnett.com/
876;our;out;2015;http://adkins.com/
877;we;million;1996;https://harris.com/
878;within;actually;2016;http://www.mitchell.com/
879;short;impact;1995;http://www.rivera-newman.com/
880;central;example;1996;http://www.ward.net/
881;federal;participant;1997;https://brown.com/
882;growth;professor;2008;http://garrett.com/
883;major;improve;2020;http://www.camacho-rogers.com/
884;series;individual;2011;http://copeland.com/
885;do;word;2001;https://nelson-mack.com/
886;beyond;leg;1997;http://quinn-allen.com/
887;certain;forget;2018;http://www.rice.com/
888;stock;investment;1998;http://www.collins.com/
889;meeting;cause;2020;http://www.simpson-salazar.biz/
890;play;less;2003;http://lopez.com/
891;become;level;2003;http://rodgers-jones.com/
892;meeting;some;2020;https://www.delacruz-thompson.org/
893;reason;generation;2003;http://www.nunez.info/
894;condition;piece;1998;https://cunningham.com/
895;suggest;have;1992;http://weber.biz/
896;cut;continue;1991;https://www.hernandez-torres.com/
897;girl;arrive;2016;http://www.jackson-weaver.com/
898;throughout;tonight;2011;http://evans.info/
899;than;example;2001;http://www.fernandez.org/
900;military;father;2015;https://www.matthews-larson.com/
901;whatever;usually;2013;http://owens.net/
902;hit;first;2002;https://www.bryan.biz/
903;what;raise;2012;http://jordan-smith.com/
904;ahead;east;1998;http://www.mcguire.com/
905;can;worker;2013;https://cooper.net/
906;else;hand;2018;http://oconnell.com/
907;today;alone;2013;http://white-wilkinson.com/
908;audience;respond;2012;http://www.grant-martinez.net/
909;game;plan;2014;http://www.mcneil-douglas.com/
910;you;commercial;2014;https://www.banks.biz/
911;standard;push;2015;http://www.thomas.com/
912;center;chair;2016;http://www.miller-heath.net/
913;account;analysis;1996;https://www.perkins.net/
914;break;same;2022;http://www.brown.com/
915;right;great;1998;http://jordan.com/
916;price;remain;1990;https://ferguson-castillo.com/
917;since;answer;1999;https://www.riley.net/
918;say;offer;2017;http://www.williams-santos.biz/
919;occur;but;2020;https://www.armstrong.info/
920;who;room;2017;https://rodriguez-sims.com/
921;bank;weight;2014;https://www.rubio.biz/
922;guess;TV;2017;http://spencer.com/
923;both;rule;2013;https://www.henry.com/
924;network;per;2019;https://www.taylor.biz/
925;view;ok;1992;http://davis.biz/
926;shake;agent;2011;https://www.ward.biz/
927;base;call;2001;https://www.morris.info/
928;become;end;1996;http://perez-thompson.com/
929;factor;any;2006;https://carter.org/
930;west;tell;2001;http://www.fletcher-lewis.info/
931;teacher;career;1990;https://www.murphy.biz/
932;window;record;2002;https://www.rich-griffin.net/
933;for;wall;2015;http://mitchell-robinson.info/
934;so;remain;1995;http://www.leonard-clark.info/
935;someone;time;2021;http://juarez.biz/
936;culture;husband;2021;http://www.weiss.com/
937;only;court;2019;https://www.smith.info/
938;consumer;safe;2020;https://www.morales-white.com/
939;head;morning;2004;https://www.kelly-gill.net/
940;impact;occur;2000;https://www.jackson.com/
941;dinner;far;1990;https://jones.com/
942;thought;herself;2020;https://long.com/
943;world;effect;2011;https://www.ruiz.com/
944;item;to;1993;https://white-brown.com/
945;western;follow;2009;http://www.mcdonald.biz/
946;inside;keep;1996;https://www.stone-rodriguez.com/
947;charge;arm;2008;http://ramirez.com/
948;relationship;design;1992;http://www.li-hartman.com/
949;nature;understand;1994;http://murray.com/
950;training;executive;2003;https://hammond.biz/
951;road;purpose;1998;https://www.branch.com/
952;establish;face;2007;http://esparza.com/
953;minute;stand;2012;https://www.moran.com/
954;sign;with;2008;http://www.meza-harris.biz/
955;everyone;generation;1993;https://www.campbell-davis.com/
956;space;agency;2021;http://bradford.org/
957;this;do;2002;https://www.johnson.net/
958;sense;player;1990;https://www.ortiz.com/
959;near;determine;2002;https://brooks.com/
960;cause;continue;1997;http://www.perry.com/
961;view;account;2008;http://www.moore.com/
962;late;husband;2019;https://www.king.info/
963;however;success;2007;http://wilson-spence.biz/
964;dog;different;2022;http://www.collins.com/
965;similar;above;2008;http://www.todd.info/
966;herself;choice;1993;https://www.williams.com/
967;call;teach;2020;https://flores.com/
968;rule;imagine;2019;https://www.perry.com/
969;article;fact;2003;http://www.anderson.com/
970;hand;end;2002;https://www.valdez.com/
971;level;brother;1990;https://www.kennedy.com/
972;thing;talk;2001;http://foster.biz/
973;sister;again;2014;http://www.kent.com/
974;American;trade;1999;http://harrell.org/
975;friend;police;1992;http://www.gilbert.com/
976;only;try;2008;https://rivera.com/
977;actually;quality;2018;http://vasquez.com/
978;author;reflect;2007;http://dominguez-massey.org/
979;because;second;2011;http://www.west.info/
980;mouth;our;2003;http://www.berry.com/
981;not;part;2014;https://www.choi.info/
982;street;hotel;1990;http://carter.com/
983;right;mother;1995;http://www.barton.com/
984;beat;everybody;2005;http://www.cole.org/
985;heavy;fire;1999;http://www.hampton.com/
986;upon;leader;2004;http://www.bolton-gentry.org/
987;among;focus;1996;http://www.moyer.com/
988;night;state;2002;https://www.molina-cole.biz/
989;event;rule;2004;http://www.garcia.com/
990;wind;put;2000;http://rice-moore.biz/
991;with;really;2019;http://www.berger.net/
992;concern;off;2004;https://mcneil.com/
993;nothing;name;2020;https://lynch.com/
994;car;choose;1990;https://www.smith-coleman.com/
995;give;why;1992;http://andrews.com/
996;audience;turn;1993;http://kim-ali.com/
997;too;sense;1991;https://www.pollard.com/
998;hot;especially;2010;https://brown.biz/
999;a;across;2003;http://www.flores.org/
1000;huge;watch;2017;https://www.kelly-hamilton.com/
